{"cameraMode":{"drawMode":0,"name":"Shaded","section":"Shading Mode"},"sceneLighting":true,"audioPlay":false,"sceneViewState":{"showFog":false,"showMaterialUpdate":false,"showSkybox":false,"showFlares":false,"showImageEffects":false,"showParticleSystems":false},"in2DMode":false,"pivot":{"x":248.56259155273438,"y":124.53617858886719,"z":181.01776123046876},"rotation":{"x":-0.18170563876628877,"y":0.2554263472557068,"z":-0.04894062504172325,"w":-0.9483382105827332},"size":380.98602294921877,"orthographic":false}